{
    "name": "root",
    "gauges": {
        "SoccerTwos.Policy.Entropy.mean": {
            "value": 2.518561601638794,
            "min": 2.4568731784820557,
            "max": 3.2957727909088135,
            "count": 178
        },
        "SoccerTwos.Policy.Entropy.sum": {
            "value": 49323.51171875,
            "min": 17289.61328125,
            "max": 130522.1484375,
            "count": 178
        },
        "SoccerTwos.Environment.EpisodeLength.mean": {
            "value": 800.0,
            "min": 327.64285714285717,
            "max": 999.0,
            "count": 178
        },
        "SoccerTwos.Environment.EpisodeLength.sum": {
            "value": 22400.0,
            "min": 10068.0,
            "max": 30180.0,
            "count": 178
        },
        "SoccerTwos.Self-play.ELO.mean": {
            "value": 1213.0746171859385,
            "min": 1201.2464074308157,
            "max": 1227.212623322687,
            "count": 152
        },
        "SoccerTwos.Self-play.ELO.sum": {
            "value": 7278.447703115631,
            "min": 2403.92563261748,
            "max": 31667.075989188157,
            "count": 152
        },
        "SoccerTwos.Step.mean": {
            "value": 1779670.0,
            "min": 9106.0,
            "max": 1779670.0,
            "count": 178
        },
        "SoccerTwos.Step.sum": {
            "value": 1779670.0,
            "min": 9106.0,
            "max": 1779670.0,
            "count": 178
        },
        "SoccerTwos.Policy.ExtrinsicBaselineEstimate.mean": {
            "value": 177.74676513671875,
            "min": -0.07482752203941345,
            "max": 182.97409057617188,
            "count": 178
        },
        "SoccerTwos.Policy.ExtrinsicBaselineEstimate.sum": {
            "value": 2310.7080078125,
            "min": -0.9727469682693481,
            "max": 3232.097412109375,
            "count": 178
        },
        "SoccerTwos.Policy.ExtrinsicValueEstimate.mean": {
            "value": 181.50599670410156,
            "min": -0.07482634484767914,
            "max": 188.62435913085938,
            "count": 178
        },
        "SoccerTwos.Policy.ExtrinsicValueEstimate.sum": {
            "value": 2359.577880859375,
            "min": -0.9725809097290039,
            "max": 3464.144287109375,
            "count": 178
        },
        "SoccerTwos.Environment.CumulativeReward.mean": {
            "value": 984.1269108698918,
            "min": 62.24456718989781,
            "max": 1202.1036987304688,
            "count": 178
        },
        "SoccerTwos.Environment.CumulativeReward.sum": {
            "value": 12793.649841308594,
            "min": 719.5294322967529,
            "max": 12793.649841308594,
            "count": 178
        },
        "SoccerTwos.Policy.ExtrinsicReward.mean": {
            "value": 1965.3431678185095,
            "min": 121.9212760925293,
            "max": 2406.8423706054687,
            "count": 178
        },
        "SoccerTwos.Policy.ExtrinsicReward.sum": {
            "value": 25549.461181640625,
            "min": 1398.119773864746,
            "max": 25549.461181640625,
            "count": 178
        },
        "SoccerTwos.Environment.GroupCumulativeReward.mean": {
            "value": -0.03384615366275494,
            "min": -0.6,
            "max": 0.508028568256469,
            "count": 178
        },
        "SoccerTwos.Environment.GroupCumulativeReward.sum": {
            "value": -0.4399999976158142,
            "min": -11.577600121498108,
            "max": 10.668599933385849,
            "count": 178
        },
        "SoccerTwos.IsTraining.mean": {
            "value": 1.0,
            "min": 1.0,
            "max": 1.0,
            "count": 178
        },
        "SoccerTwos.IsTraining.sum": {
            "value": 1.0,
            "min": 1.0,
            "max": 1.0,
            "count": 178
        },
        "SoccerTwos.Losses.PolicyLoss.mean": {
            "value": 0.012314605299616232,
            "min": 0.011939433808826531,
            "max": 0.02305215384985786,
            "count": 83
        },
        "SoccerTwos.Losses.PolicyLoss.sum": {
            "value": 0.012314605299616232,
            "min": 0.011939433808826531,
            "max": 0.02305215384985786,
            "count": 83
        },
        "SoccerTwos.Losses.ValueLoss.mean": {
            "value": 694.5778238932292,
            "min": 196.73856353759766,
            "max": 837.2862141927084,
            "count": 83
        },
        "SoccerTwos.Losses.ValueLoss.sum": {
            "value": 694.5778238932292,
            "min": 196.73856353759766,
            "max": 837.2862141927084,
            "count": 83
        },
        "SoccerTwos.Losses.BaselineLoss.mean": {
            "value": 832.4341247558593,
            "min": 284.73245493570965,
            "max": 1017.7029642740886,
            "count": 83
        },
        "SoccerTwos.Losses.BaselineLoss.sum": {
            "value": 832.4341247558593,
            "min": 284.73245493570965,
            "max": 1017.7029642740886,
            "count": 83
        },
        "SoccerTwos.Policy.LearningRate.mean": {
            "value": 0.0003,
            "min": 0.0003,
            "max": 0.0003,
            "count": 83
        },
        "SoccerTwos.Policy.LearningRate.sum": {
            "value": 0.0003,
            "min": 0.0003,
            "max": 0.0003,
            "count": 83
        },
        "SoccerTwos.Policy.Epsilon.mean": {
            "value": 0.20000000000000007,
            "min": 0.20000000000000004,
            "max": 0.20000000000000007,
            "count": 83
        },
        "SoccerTwos.Policy.Epsilon.sum": {
            "value": 0.20000000000000007,
            "min": 0.20000000000000004,
            "max": 0.20000000000000007,
            "count": 83
        },
        "SoccerTwos.Policy.Beta.mean": {
            "value": 0.005000000000000001,
            "min": 0.005000000000000001,
            "max": 0.005000000000000001,
            "count": 83
        },
        "SoccerTwos.Policy.Beta.sum": {
            "value": 0.005000000000000001,
            "min": 0.005000000000000001,
            "max": 0.005000000000000001,
            "count": 83
        }
    },
    "metadata": {
        "timer_format_version": "0.1.0",
        "start_time_seconds": "1733002567",
        "python_version": "3.10.12 | packaged by Anaconda, Inc. | (main, Jul  5 2023, 19:01:18) [MSC v.1916 64 bit (AMD64)]",
        "command_line_arguments": "C:\\Users\\nisha\\anaconda3\\envs\\mlagents\\Scripts\\mlagents-learn .\\config\\poca\\SoccerTwos.yaml --run-id=SecondTest",
        "mlagents_version": "1.1.0",
        "mlagents_envs_version": "1.1.0",
        "communication_protocol_version": "1.5.0",
        "pytorch_version": "2.5.1+cpu",
        "numpy_version": "1.23.5",
        "end_time_seconds": "1733010420"
    },
    "total": 7853.593027399998,
    "count": 1,
    "self": 0.12712760000431444,
    "children": {
        "run_training.setup": {
            "total": 0.14952829999674577,
            "count": 1,
            "self": 0.14952829999674577
        },
        "TrainerController.start_learning": {
            "total": 7853.316371499997,
            "count": 1,
            "self": 3.290717898271396,
            "children": {
                "TrainerController._reset_env": {
                    "total": 16.78348250000272,
                    "count": 9,
                    "self": 16.78348250000272
                },
                "TrainerController.advance": {
                    "total": 7831.380832901719,
                    "count": 115916,
                    "self": 3.481624097767053,
                    "children": {
                        "env_step": {
                            "total": 5577.610432202229,
                            "count": 115916,
                            "self": 4988.350228598414,