{"count":1,"self":10371.540582399999,"total":86605.392938099991,"children":{"InitializeActuators":{"count":4,"self":0.00050389999999999994,"total":0.00050389999999999994,"children":null},"InitializeSensors":{"count":4,"self":0.0015142999999999999,"total":0.0015142999999999999,"children":null},"AgentSendState":{"count":25000135,"self":971.3409024,"total":1425.8958602999999,"children":{"CollectObservations":{"count":20000192,"self":16.8618272,"total":16.8618277,"children":null},"WriteActionMask":{"count":20000192,"self":9.513152,"total":9.513152,"children":null},"RequestDecision":{"count":20000192,"self":34.9422912,"total":428.1799302,"children":{"AgentInfo.ToProto":{"count":20000192,"self":41.3721728,"total":393.23763779999996,"children":{"GenerateSensorData":{"count":20000192,"self":293.3523968,"total":351.8654658,"children":{"RayPerceptionSensor.Perceive":{"count":20000192,"self":58.513075199999996,"total":58.513074599999996,"children":null}}}}}}}}},"DecideAction":{"count":25000135,"self":74492.0776704,"total":74492.0773541,"children":null},"AgentAct":{"count":25000135,"self":315.3645056,"total":315.3644931,"children":null},"AgentInfo.ToProto":{"count":21724,"self":0.0773798,"total":0.51176959999999994,"children":{"GenerateSensorData":{"count":21724,"self":0.35498369999999996,"total":0.4343898,"children":{"RayPerceptionSensor.Perceive":{"count":21724,"self":0.0794061,"total":0.0794061,"children":null}}}}}},"gauges":{"SoccerTwos.CumulativeReward":{"count":21724,"max":0,"min":0,"runningAverage":0,"value":0,"weightedAverage":0}},"metadata":{"timer_format_version":"0.1.0","start_time_seconds":"1737281539","unity_version":"2022.3.46f1","command_line_arguments":"C:\\Users\\joeld\\Documents\\UM\\UnityAgentsAIML-main\\MLAgents\\.\/Project\/builds\/UnityEnvironment.exe --mlagents-port 5005 -logFile C:\\Users\\joeld\\Documents\\UM\\UnityAgentsAIML-main\\MLAgents\\results\\EXETest\\run_logs\\Player-0.log","communication_protocol_version":"1.5.0","com.unity.ml-agents_version":"3.0.0-exp.1","scene_name":"SoccerTwos","end_time_seconds":"1737368144"}}