{
    "name": "root",
    "gauges": {
        "SoccerTwos.Policy.Entropy.mean": {
            "value": 2.7494919300079346,
            "min": 2.7250185012817383,
            "max": 3.295689105987549,
            "count": 261
        },
        "SoccerTwos.Policy.Entropy.sum": {
            "value": 57299.41015625,
            "min": 45855.99609375,
            "max": 75589.46875,
            "count": 261
        },
        "SoccerTwos.Environment.EpisodeLength.mean": {
            "value": 136.10526315789474,
            "min": 99.36,
            "max": 999.0,
            "count": 261
        },
        "SoccerTwos.Environment.EpisodeLength.sum": {
            "value": 20688.0,
            "min": 16000.0,
            "max": 23568.0,
            "count": 261
        },
        "SoccerTwos.Step.mean": {
            "value": 2609844.0,
            "min": 9000.0,
            "max": 2609844.0,
            "count": 261
        },
        "SoccerTwos.Step.sum": {
            "value": 2609844.0,
            "min": 9000.0,
            "max": 2609844.0,
            "count": 261
        },
        "SoccerTwos.Policy.ExtrinsicBaselineEstimate.mean": {
            "value": -0.032089460641145706,
            "min": -0.08271513879299164,
            "max": 0.1789550930261612,
            "count": 261
        },
        "SoccerTwos.Policy.ExtrinsicBaselineEstimate.sum": {
            "value": -2.4387989044189453,
            "min": -4.549332618713379,
            "max": 12.222105979919434,
            "count": 261
        },
        "SoccerTwos.Policy.ExtrinsicValueEstimate.mean": {
            "value": -0.0379096083343029,
            "min": -0.08035149425268173,
            "max": 0.1700836569070816,
            "count": 261
        },
        "SoccerTwos.Policy.ExtrinsicValueEstimate.sum": {
            "value": -2.8811302185058594,
            "min": -4.419332027435303,
            "max": 12.960389137268066,
            "count": 261
        },
        "SoccerTwos.Environment.CumulativeReward.mean": {
            "value": 0.0,
            "min": 0.0,
            "max": 0.0,
            "count": 261
        },
        "SoccerTwos.Environment.CumulativeReward.sum": {
            "value": 0.0,
            "min": 0.0,
            "max": 0.0,
            "count": 261
        },
        "SoccerTwos.Policy.ExtrinsicReward.mean": {
            "value": -0.17237368304478495,
            "min": -0.5,
            "max": 0.49187692541342515,
            "count": 261
        },
        "SoccerTwos.Policy.ExtrinsicReward.sum": {
            "value": -13.100399911403656,
            "min": -24.515600085258484,
            "max": 26.615599870681763,
            "count": 261
        },
        "SoccerTwos.Environment.GroupCumulativeReward.mean": {
            "value": -0.17237368304478495,
            "min": -0.5,
            "max": 0.49187692541342515,
            "count": 261
        },
        "SoccerTwos.Environment.GroupCumulativeReward.sum": {
            "value": -13.100399911403656,
            "min": -24.515600085258484,
            "max": 26.615599870681763,
            "count": 261
        },
        "SoccerTwos.IsTraining.mean": {
            "value": 1.0,
            "min": 1.0,
            "max": 1.0,
            "count": 261
        },
        "SoccerTwos.IsTraining.sum": {
            "value": 1.0,
            "min": 1.0,
            "max": 1.0,
            "count": 261
        },
        "SoccerTwos.Losses.PolicyLoss.mean": {
            "value": 0.014933711898629553,
            "min": 0.010698209734982811,
            "max": 0.023570192376306903,
            "count": 122
        },
        "SoccerTwos.Losses.PolicyLoss.sum": {
            "value": 0.014933711898629553,
            "min": 0.010698209734982811,
            "max": 0.023570192376306903,
            "count": 122
        },
        "SoccerTwos.Losses.ValueLoss.mean": {
            "value": 0.03266193357606729,
            "min": 1.976393330475427e-08,
            "max": 0.04437049527963002,
            "count": 122
        },
        "SoccerTwos.Losses.ValueLoss.sum": {
            "value": 0.03266193357606729,
            "min": 1.976393330475427e-08,
            "max": 0.04437049527963002,
            "count": 122
        },
        "SoccerTwos.Losses.BaselineLoss.mean": {
            "value": 0.033683803491294385,
            "min": 2.3297902037218895e-08,
            "max": 0.04580439813435078,
            "count": 122
        },
        "SoccerTwos.Losses.BaselineLoss.sum": {
            "value": 0.033683803491294385,
            "min": 2.3297902037218895e-08,
            "max": 0.04580439813435078,
            "count": 122
        },
        "SoccerTwos.Policy.LearningRate.mean": {
            "value": 0.0003,
            "min": 0.0003,
            "max": 0.0003,
            "count": 122
        },
        "SoccerTwos.Policy.LearningRate.sum": {
            "value": 0.0003,
            "min": 0.0003,
            "max": 0.0003,
            "count": 122
        },
        "SoccerTwos.Policy.Epsilon.mean": {
            "value": 0.20000000000000007,
            "min": 0.20000000000000007,
            "max": 0.20000000000000007,
            "count": 122
        },
        "SoccerTwos.Policy.Epsilon.sum": {
            "value": 0.20000000000000007,
            "min": 0.20000000000000007,
            "max": 0.20000000000000007,
            "count": 122
        },
        "SoccerTwos.Policy.Beta.mean": {
            "value": 0.005000000000000001,
            "min": 0.005000000000000001,
            "max": 0.005000000000000001,
            "count": 122
        },
        "SoccerTwos.Policy.Beta.sum": {
            "value": 0.005000000000000001,
            "min": 0.005000000000000001,
            "max": 0.005000000000000001,
            "count": 122
        },
        "SoccerTwos.Self-play.ELO.mean": {
            "value": 1314.3603644923978,
            "min": 1199.2507195558546,
            "max": 1334.9983447365453,
            "count": 191
        },
        "SoccerTwos.Self-play.ELO.sum": {
            "value": 99891.38770142224,
            "min": 2398.5014391117093,
            "max": 131152.23543912123,
            "count": 191
        }
    },
    "metadata": {
        "timer_format_version": "0.1.0",
        "start_time_seconds": "1737028949",
        "python_version": "3.10.12 | packaged by Anaconda, Inc. | (main, Jul  5 2023, 19:01:18) [MSC v.1916 64 bit (AMD64)]",
        "command_line_arguments": "C:\\Users\\nisha\\anaconda3\\envs\\mlagents\\Scripts\\mlagents-learn C:\\Users\\nisha\\Documents\\Github\\UnityAgentsAIML\\config\\poca\\SoccerTwos.yaml --run-id=SoundSensor11",
        "mlagents_version": "1.1.0",
        "mlagents_envs_version": "1.1.0",
        "communication_protocol_version": "1.5.0",
        "pytorch_version": "2.5.1+cpu",
        "numpy_version": "1.23.5",
        "end_time_seconds": "1737046595"
    },
    "total": 17646.021073499986,
    "count": 1,
    "self": 0.008020300010684878,
    "children": {
        "run_training.setup": {
            "total": 0.1772417000029236,
            "count": 1,
            "self": 0.1772417000029236
        },
        "TrainerController.start_learning": {
            "total": 17645.835811499972,
            "count": 1,
            "self": 28.432043321838137,
            "children": {
                "TrainerController._reset_env": {
                    "total": 11.996050699963234,
                    "count": 14,
                    "self": 11.996050699963234
                },
                "TrainerController.advance": {
                    "total": 17605.262753778254,
                    "count": 1308787,
                    "self": 25.82995309634134,
                    "children": {
                        "env_step": {
                            "total": 14795.650913705816,
                            "count": 1308787,
                            "self": 10130.940939006687,