{
    "name": "root",
    "gauges": {
        "SoccerTwos.Policy.Entropy.mean": {
            "value": 1.7070540189743042,
            "min": 1.6272447109222412,
            "max": 3.2957088947296143,
            "count": 640
        },
        "SoccerTwos.Policy.Entropy.sum": {
            "value": 32119.927734375,
            "min": 19710.05078125,
            "max": 105462.6875,
            "count": 640
        },
        "SoccerTwos.Environment.EpisodeLength.mean": {
            "value": 40.20661157024794,
            "min": 33.208333333333336,
            "max": 999.0,
            "count": 640
        },
        "SoccerTwos.Environment.EpisodeLength.sum": {
            "value": 19460.0,
            "min": 8720.0,
            "max": 31688.0,
            "count": 640
        },
        "SoccerTwos.Self-play.ELO.mean": {
            "value": 1586.7845795665255,
            "min": 1201.8504452829536,
            "max": 1623.9366092038363,
            "count": 639
        },
        "SoccerTwos.Self-play.ELO.sum": {
            "value": 384001.86825509917,
            "min": 2404.209119739727,
            "max": 459307.37551615806,
            "count": 639
        },
        "SoccerTwos.Step.mean": {
            "value": 6399992.0,
            "min": 9598.0,
            "max": 6399992.0,
            "count": 640
        },
        "SoccerTwos.Step.sum": {
            "value": 6399992.0,
            "min": 9598.0,
            "max": 6399992.0,
            "count": 640
        },
        "SoccerTwos.Policy.ExtrinsicBaselineEstimate.mean": {
            "value": 0.02038097195327282,
            "min": -0.10848598927259445,
            "max": 0.15596920251846313,
            "count": 640
        },
        "SoccerTwos.Policy.ExtrinsicBaselineEstimate.sum": {
            "value": 4.93219518661499,
            "min": -22.980545043945312,
            "max": 25.4229793548584,
            "count": 640
        },
        "SoccerTwos.Policy.ExtrinsicValueEstimate.mean": {
            "value": 0.018922602757811546,
            "min": -0.11062460392713547,
            "max": 0.1525719165802002,
            "count": 640
        },
        "SoccerTwos.Policy.ExtrinsicValueEstimate.sum": {
            "value": 4.579269886016846,
            "min": -23.17708969116211,
            "max": 24.540781021118164,
            "count": 640
        },
        "SoccerTwos.Environment.CumulativeReward.mean": {
            "value": 0.0,
            "min": 0.0,
            "max": 0.0,
            "count": 640
        },
        "SoccerTwos.Environment.CumulativeReward.sum": {
            "value": 0.0,
            "min": 0.0,
            "max": 0.0,
            "count": 640
        },
        "SoccerTwos.Policy.ExtrinsicReward.mean": {
            "value": -0.012158676119875316,
            "min": -0.6145399987697602,
            "max": 0.4003500007092953,
            "count": 640
        },
        "SoccerTwos.Policy.ExtrinsicReward.sum": {
            "value": -2.9423996210098267,
            "min": -75.25940018892288,
            "max": 59.27160036563873,
            "count": 640
        },
        "SoccerTwos.Environment.GroupCumulativeReward.mean": {
            "value": -0.012158676119875316,
            "min": -0.6145399987697602,
            "max": 0.4003500007092953,
            "count": 640
        },
        "SoccerTwos.Environment.GroupCumulativeReward.sum": {
            "value": -2.9423996210098267,
            "min": -75.25940018892288,
            "max": 59.27160036563873,
            "count": 640
        },
        "SoccerTwos.IsTraining.mean": {
            "value": 1.0,
            "min": 1.0,
            "max": 1.0,
            "count": 640
        },
        "SoccerTwos.IsTraining.sum": {
            "value": 1.0,
            "min": 1.0,
            "max": 1.0,
            "count": 640
        },
        "SoccerTwos.Losses.PolicyLoss.mean": {
            "value": 0.018297354651925463,
            "min": 0.009641384101360017,
            "max": 0.02388201984576881,
            "count": 309
        },
        "SoccerTwos.Losses.PolicyLoss.sum": {
            "value": 0.018297354651925463,
            "min": 0.009641384101360017,
            "max": 0.02388201984576881,
            "count": 309
        },
        "SoccerTwos.Losses.ValueLoss.mean": {
            "value": 0.13904863297939302,
            "min": 0.0009957217693833324,
            "max": 0.1487648790081342,
            "count": 309
        },
        "SoccerTwos.Losses.ValueLoss.sum": {
            "value": 0.13904863297939302,
            "min": 0.0009957217693833324,
            "max": 0.1487648790081342,
            "count": 309
        },
        "SoccerTwos.Losses.BaselineLoss.mean": {
            "value": 0.14185917377471924,
            "min": 0.0010042125989760582,
            "max": 0.15161780516306558,
            "count": 309
        },
        "SoccerTwos.Losses.BaselineLoss.sum": {
            "value": 0.14185917377471924,
            "min": 0.0010042125989760582,
            "max": 0.15161780516306558,
            "count": 309
        },
        "SoccerTwos.Policy.LearningRate.mean": {
            "value": 0.0003,
            "min": 0.0003,
            "max": 0.0003,
            "count": 309
        },
        "SoccerTwos.Policy.LearningRate.sum": {
            "value": 0.0003,
            "min": 0.0003,
            "max": 0.0003,
            "count": 309
        },
        "SoccerTwos.Policy.Epsilon.mean": {
            "value": 0.20000000000000007,
            "min": 0.20000000000000004,
            "max": 0.20000000000000007,
            "count": 309
        },
        "SoccerTwos.Policy.Epsilon.sum": {
            "value": 0.20000000000000007,
            "min": 0.20000000000000004,
            "max": 0.20000000000000007,
            "count": 309
        },
        "SoccerTwos.Policy.Beta.mean": {
            "value": 0.005000000000000001,
            "min": 0.005000000000000001,
            "max": 0.005000000000000001,
            "count": 309
        },
        "SoccerTwos.Policy.Beta.sum": {
            "value": 0.005000000000000001,
            "min": 0.005000000000000001,
            "max": 0.005000000000000001,
            "count": 309
        }
    },
    "metadata": {
        "timer_format_version": "0.1.0",
        "start_time_seconds": "1733164975",
        "python_version": "3.10.12 | packaged by Anaconda, Inc. | (main, Jul  5 2023, 19:01:18) [MSC v.1916 64 bit (AMD64)]",
        "command_line_arguments": "C:\\Users\\nisha\\anaconda3\\envs\\mlagents\\Scripts\\mlagents-learn .\\config\\poca\\SoccerTwos.yaml --run-id=firstTest",
        "mlagents_version": "1.1.0",
        "mlagents_envs_version": "1.1.0",
        "communication_protocol_version": "1.5.0",
        "pytorch_version": "2.5.1+cpu",
        "numpy_version": "1.23.5",
        "end_time_seconds": "1733180529"
    },
    "total": 15554.839753499982,
    "count": 1,
    "self": 0.009828499954892322,
    "children": {
        "run_training.setup": {
            "total": 0.15716420000535436,
            "count": 1,
            "self": 0.15716420000535436
        },
        "TrainerController.start_learning": {
            "total": 15554.672760800022,
            "count": 1,
            "self": 9.635303200833732,
            "children": {
                "TrainerController._reset_env": {
                    "total": 33.30674830003409,
                    "count": 33,
                    "self": 33.30674830003409
                },
                "TrainerController.advance": {
                    "total": 15511.602696299175,
                    "count": 449665,
                    "self": 9.078378605598118,
                    "children": {
                        "env_step": {
                            "total": 8655.995615802327,
                            "count": 449665,
                            "self": 7134.208248404786,