{
    "name": "root",
    "gauges": {
        "SoccerTwos.Policy.Entropy.mean": {
            "value": 2.8172762393951416,
            "min": 2.7333245277404785,
            "max": 3.2957277297973633,
            "count": 1000
        },
        "SoccerTwos.Policy.Entropy.sum": {
            "value": 56345.5234375,
            "min": 49531.81640625,
            "max": 76750.90625,
            "count": 1000
        },
        "SoccerTwos.Environment.EpisodeLength.mean": {
            "value": 999.0,
            "min": 517.2,
            "max": 999.0,
            "count": 1000
        },
        "SoccerTwos.Environment.EpisodeLength.sum": {
            "value": 19980.0,
            "min": 16236.0,
            "max": 23764.0,
            "count": 1000
        },
        "SoccerTwos.Step.mean": {
            "value": 9999070.0,
            "min": 9644.0,
            "max": 9999070.0,
            "count": 1000
        },
        "SoccerTwos.Step.sum": {
            "value": 9999070.0,
            "min": 9644.0,
            "max": 9999070.0,
            "count": 1000
        },
        "SoccerTwos.Policy.ExtrinsicBaselineEstimate.mean": {
            "value": -0.002242636401206255,
            "min": -0.04878494516015053,
            "max": 0.0943722352385521,
            "count": 1000
        },
        "SoccerTwos.Policy.ExtrinsicBaselineEstimate.sum": {
            "value": -0.022426363080739975,
            "min": -0.5366343855857849,
            "max": 1.1324151754379272,
            "count": 1000
        },
        "SoccerTwos.Policy.ExtrinsicValueEstimate.mean": {
            "value": -0.0021971825044602156,
            "min": -0.05064437538385391,
            "max": 0.09435330331325531,
            "count": 1000
        },
        "SoccerTwos.Policy.ExtrinsicValueEstimate.sum": {
            "value": -0.021971825510263443,
            "min": -0.5570881366729736,
            "max": 1.1322394609451294,
            "count": 1000
        },
        "SoccerTwos.Environment.CumulativeReward.mean": {
            "value": 0.0,
            "min": 0.0,
            "max": 0.0,
            "count": 1000
        },
        "SoccerTwos.Environment.CumulativeReward.sum": {
            "value": 0.0,
            "min": 0.0,
            "max": 0.0,
            "count": 1000
        },
        "SoccerTwos.Policy.ExtrinsicReward.mean": {
            "value": 0.0,
            "min": -0.6153846153846154,
            "max": 0.35469333330790204,
            "count": 1000
        },
        "SoccerTwos.Policy.ExtrinsicReward.sum": {
            "value": 0.0,
            "min": -8.0,
            "max": 5.32039999961853,
            "count": 1000
        },
        "SoccerTwos.Environment.GroupCumulativeReward.mean": {
            "value": 0.0,
            "min": -0.6153846153846154,
            "max": 0.35469333330790204,
            "count": 1000
        },
        "SoccerTwos.Environment.GroupCumulativeReward.sum": {
            "value": 0.0,
            "min": -8.0,
            "max": 5.32039999961853,
            "count": 1000
        },
        "SoccerTwos.Self-play.ELO.mean": {
            "value": 1181.3909607073774,
            "min": 1177.363615170637,
            "max": 1202.2306595656169,
            "count": 479
        },
        "SoccerTwos.Self-play.ELO.sum": {
            "value": 2362.781921414755,
            "min": 2354.757782159325,
            "max": 14325.082769719796,
            "count": 479
        },
        "SoccerTwos.IsTraining.mean": {
            "value": 1.0,
            "min": 1.0,
            "max": 1.0,
            "count": 1000
        },
        "SoccerTwos.IsTraining.sum": {
            "value": 1.0,
            "min": 1.0,
            "max": 1.0,
            "count": 1000
        },
        "SoccerTwos.Losses.PolicyLoss.mean": {
            "value": 0.013666781466357254,
            "min": 0.009646123853356888,
            "max": 0.02687702877447009,
            "count": 462
        },
        "SoccerTwos.Losses.PolicyLoss.sum": {
            "value": 0.013666781466357254,
            "min": 0.009646123853356888,
            "max": 0.02687702877447009,
            "count": 462
        },
        "SoccerTwos.Losses.ValueLoss.mean": {
            "value": 7.113473458275621e-07,
            "min": 1.738266245017902e-08,
            "max": 0.01891302083871172,
            "count": 462
        },
        "SoccerTwos.Losses.ValueLoss.sum": {
            "value": 7.113473458275621e-07,
            "min": 1.738266245017902e-08,
            "max": 0.01891302083871172,
            "count": 462
        },
        "SoccerTwos.Losses.BaselineLoss.mean": {
            "value": 9.00729194578768e-07,
            "min": 1.976051440995737e-08,
            "max": 0.01943608190534481,
            "count": 462
        },
        "SoccerTwos.Losses.BaselineLoss.sum": {
            "value": 9.00729194578768e-07,
            "min": 1.976051440995737e-08,
            "max": 0.01943608190534481,
            "count": 462
        },
        "SoccerTwos.Policy.LearningRate.mean": {
            "value": 0.0003,
            "min": 0.0003,
            "max": 0.0003,
            "count": 462
        },
        "SoccerTwos.Policy.LearningRate.sum": {
            "value": 0.0003,
            "min": 0.0003,
            "max": 0.0003,
            "count": 462
        },
        "SoccerTwos.Policy.Epsilon.mean": {
            "value": 0.20000000000000007,
            "min": 0.20000000000000007,
            "max": 0.20000000000000007,
            "count": 462
        },
        "SoccerTwos.Policy.Epsilon.sum": {
            "value": 0.20000000000000007,
            "min": 0.20000000000000007,
            "max": 0.20000000000000007,
            "count": 462
        },
        "SoccerTwos.Policy.Beta.mean": {
            "value": 0.005000000000000001,
            "min": 0.005000000000000001,
            "max": 0.005000000000000001,
            "count": 462
        },
        "SoccerTwos.Policy.Beta.sum": {
            "value": 0.005000000000000001,
            "min": 0.005000000000000001,
            "max": 0.005000000000000001,
            "count": 462
        }
    },
    "metadata": {
        "timer_format_version": "0.1.0",
        "start_time_seconds": "1737281534",
        "python_version": "3.10.12 | packaged by Anaconda, Inc. | (main, Jul  5 2023, 19:01:18) [MSC v.1916 64 bit (AMD64)]",
        "command_line_arguments": "C:\\Users\\joeld\\anaconda3\\envs\\mlagents\\Scripts\\mlagents-learn config/poca/SoccerTwos.yaml --env=./Project/builds/UnityEnvironment.exe --run-id=EXETest",
        "mlagents_version": "1.1.0",
        "mlagents_envs_version": "1.1.0",
        "communication_protocol_version": "1.5.0",
        "pytorch_version": "2.5.1+cpu",
        "numpy_version": "1.23.5",
        "end_time_seconds": "1737368145"
    },
    "total": 86608.95080749999,
    "count": 1,
    "self": 1.1304597000125796,
    "children": {
        "run_training.setup": {
            "total": 0.06632059998810291,
            "count": 1,
            "self": 0.06632059998810291
        },
        "TrainerController.start_learning": {
            "total": 86607.75402719999,
            "count": 1,
            "self": 93.26581218760111,
            "children": {
                "TrainerController._reset_env": {
                    "total": 7.139931500074454,
                    "count": 50,
                    "self": 7.139931500074454
                },
                "TrainerController.advance": {
                    "total": 86507.14355111233,
                    "count": 5004436,
                    "self": 86.06948578354786,
                    "children": {
                        "env_step": {
                            "total": 54838.4729099496,
                            "count": 5004436,
                            "self": 27894.29451973361,